sample_id,true_label,predicted_label,prob_class_0,prob_class_1
0,0,1,0.49788675,0.50211334
1,0,0,0.57771254,0.42228746
2,0,0,0.82300925,0.17699072
3,0,0,0.6633779,0.33662218
4,0,0,0.6301867,0.36981338
5,0,0,0.67388904,0.32611102
6,0,0,0.8849897,0.11501029
7,0,0,0.63749576,0.3625042
8,0,0,0.70155156,0.2984485
9,0,0,0.6453731,0.3546269
10,0,0,0.64180297,0.35819706
11,0,0,0.60628647,0.39371356
12,0,0,0.79439664,0.20560339
13,0,0,0.61101645,0.38898358
14,0,0,0.70549273,0.2945073
15,0,0,0.66505516,0.33494484
16,0,0,0.74489397,0.25510603
17,0,0,0.8048088,0.19519123
18,0,0,0.88515633,0.1148437
19,0,0,0.6088103,0.3911897
20,0,0,0.8235661,0.17643397
21,0,0,0.6668097,0.3331904
22,0,0,0.82476497,0.17523502
23,0,0,0.94426525,0.05573473
24,0,0,0.8228365,0.17716353
25,0,0,0.7858223,0.21417777
26,0,0,0.9734859,0.026514173
27,0,0,0.84282863,0.15717138
28,0,0,0.859328,0.14067203
29,0,0,0.7359853,0.26401466
30,0,0,0.6613966,0.33860335
31,0,0,0.5174167,0.48258334
32,0,0,0.6713533,0.32864672
33,0,0,0.6704876,0.32951254
34,0,0,0.6189962,0.38100383
35,0,0,0.665352,0.33464807
36,0,0,0.78899634,0.21100377
37,0,0,0.9463613,0.05363871
38,0,0,0.7345681,0.26543185
39,0,0,0.8132527,0.18674734
40,0,0,0.60139763,0.39860243
41,0,0,0.7347367,0.26526332
42,0,0,0.63130534,0.36869466
43,0,0,0.8256631,0.17433691
44,0,1,0.3583581,0.6416419
45,0,0,0.6035499,0.39645013
46,0,0,0.66471374,0.33528635
47,0,1,0.48773026,0.5122698
48,0,0,0.67662543,0.32337463
49,0,0,0.70608866,0.29391143
50,0,0,0.9509895,0.049010478
51,0,0,0.8274922,0.17250785
52,0,0,0.56485724,0.43514284
53,0,0,0.5598876,0.44011247
54,0,0,0.742082,0.25791803
55,0,0,0.61044645,0.3895536
56,0,0,0.8289699,0.17103015
57,0,0,0.575864,0.424136
58,0,0,0.51427764,0.4857224
59,0,0,0.9001087,0.09989133
60,0,0,0.7918006,0.20819937
61,0,0,0.50137335,0.49862668
62,0,0,0.65335244,0.3466476
63,0,0,0.7428476,0.25715244
64,0,1,0.46096516,0.5390349
65,0,1,0.49092326,0.5090768
66,0,0,0.6506904,0.34930965
67,0,1,0.49686128,0.50313884
68,0,0,0.5002818,0.49971816
69,0,0,0.6511555,0.34884453
70,0,0,0.83300626,0.16699377
71,0,1,0.49225825,0.5077418
72,0,0,0.9595043,0.040495656
73,0,0,0.62197673,0.37802324
74,0,0,0.6876566,0.31234348
75,0,0,0.7602789,0.23972116
76,0,0,0.76916665,0.23083332
77,0,0,0.6426759,0.35732418
78,0,0,0.5638241,0.43617588
79,0,0,0.7665011,0.23349892
80,0,0,0.56546015,0.43453988
81,0,1,0.4380637,0.5619363
82,0,0,0.5408134,0.45918667
83,0,0,0.93313277,0.06686728
84,0,0,0.6408112,0.35918877
85,0,0,0.5540923,0.44590783
86,0,0,0.5417074,0.4582927
87,0,0,0.5815469,0.4184532
88,0,1,0.3973077,0.60269237
89,0,1,0.40306363,0.5969364
90,0,0,0.8314965,0.16850352
91,0,0,0.54043525,0.45956478
92,0,1,0.29980725,0.7001928
93,0,0,0.51282096,0.4871791
94,0,0,0.5019741,0.49802586
95,0,0,0.65388954,0.34611043
96,0,0,0.8133614,0.1866386
97,0,1,0.3861701,0.61383
98,0,0,0.55348706,0.446513
99,0,0,0.51363814,0.48636192
100,0,0,0.6232831,0.37671694
101,0,0,0.6097333,0.39026675
102,0,0,0.61541545,0.38458455
103,0,0,0.5129425,0.48705757
104,0,0,0.5006708,0.49932918
105,0,0,0.66497964,0.33502042
106,0,0,0.8104669,0.18953322
107,0,0,0.6621329,0.3378671
108,0,1,0.43897936,0.5610207
109,0,1,0.42633396,0.5736661
110,0,0,0.64206815,0.35793185
111,0,0,0.61133164,0.3886684
112,0,0,0.5169625,0.4830374
113,0,0,0.5476208,0.4523793
114,0,0,0.707458,0.292542
115,0,0,0.5769794,0.42302066
116,0,0,0.6625601,0.3374399
117,0,0,0.6005687,0.3994313
118,0,0,0.7617905,0.23820952
119,0,0,0.52522415,0.4747759
120,0,0,0.5042089,0.49579114
121,0,1,0.43758366,0.5624164
122,0,0,0.50081795,0.49918208
123,0,1,0.30216023,0.69783986
124,0,1,0.46108508,0.538915
125,0,0,0.53248733,0.46751273
126,0,0,0.59935737,0.4006426
127,0,1,0.3460804,0.6539197
128,0,1,0.48065573,0.51934433
129,0,1,0.39634174,0.6036583
130,0,1,0.36125466,0.63874537
131,0,1,0.33715042,0.6628496
132,0,1,0.46000382,0.53999627
133,0,1,0.20220855,0.7977915
134,0,1,0.40187415,0.59812593
135,0,1,0.33833098,0.6616691
136,0,0,0.5117172,0.48828286
137,0,1,0.43742907,0.5625709
138,0,1,0.38367233,0.6163277
139,0,1,0.34197414,0.65802586
140,0,1,0.1380779,0.86192214
141,0,1,0.45021376,0.5497863
142,0,1,0.47217926,0.5278208
143,0,1,0.20907244,0.7909276
144,0,1,0.34488496,0.65511507
145,0,1,0.16141282,0.8385872
146,0,1,0.34159565,0.65840435
147,0,1,0.4252152,0.5747848
148,0,1,0.39379728,0.6062027
149,0,1,0.49166617,0.5083338
150,0,1,0.2771251,0.722875
151,0,1,0.33407766,0.6659224
152,0,1,0.26260647,0.73739356
153,0,1,0.25090924,0.7490908
154,0,1,0.39334154,0.60665846
155,0,0,0.5082333,0.49176666
156,0,1,0.4862448,0.5137552
157,0,1,0.2504809,0.7495191
158,0,1,0.14477569,0.8552243
159,0,1,0.43796378,0.5620363
160,0,1,0.49189803,0.508102
161,0,1,0.188115,0.811885
162,0,1,0.4495004,0.5504996
163,0,1,0.1315903,0.86840975
164,1,0,0.788331,0.21166912
165,1,0,0.62999487,0.3700052
166,1,1,0.3188574,0.6811427
167,1,0,0.5416343,0.45836568
168,1,0,0.9450783,0.054921713
169,1,1,0.48365235,0.51634765
170,1,1,0.39131245,0.60868764
171,1,1,0.44851348,0.55148655
172,1,0,0.75381565,0.24618441
173,1,0,0.52243793,0.47756207
174,1,0,0.53374004,0.46626002
175,1,0,0.645291,0.35470903
176,1,0,0.503647,0.496353
177,1,1,0.42247245,0.5775276
178,1,0,0.6808131,0.31918693
179,1,0,0.5536882,0.4463118
180,1,0,0.81833327,0.18166678
181,1,0,0.58469164,0.41530836
182,1,0,0.5104028,0.4895972
183,1,1,0.4824713,0.5175288
184,1,1,0.42250964,0.5774904
185,1,1,0.32869712,0.6713029
186,1,0,0.51898277,0.4810173
187,1,1,0.49081755,0.50918245
188,1,0,0.55517316,0.4448268
189,1,1,0.4022394,0.59776056
190,1,1,0.35834008,0.6416599
191,1,1,0.34129307,0.6587069
192,1,0,0.53777754,0.46222255
193,1,1,0.46374822,0.5362518
194,1,1,0.36635837,0.63364166
195,1,1,0.35707444,0.6429256
196,1,0,0.5002846,0.49971545
197,1,0,0.5629305,0.43706942
198,1,0,0.6709027,0.32909724
199,1,1,0.4944616,0.5055384
200,1,0,0.8056342,0.19436584
201,1,1,0.39583778,0.6041622
202,1,1,0.4651221,0.5348779
203,1,0,0.6417868,0.35821325
204,1,0,0.5592928,0.4407072
205,1,0,0.6602317,0.33976835
206,1,1,0.49184665,0.50815344
207,1,0,0.78078115,0.21921888
208,1,0,0.6183138,0.38168627
209,1,0,0.6977954,0.30220464
210,1,0,0.62387145,0.3761286
211,1,0,0.7197434,0.28025672
212,1,0,0.5019242,0.49807572
213,1,1,0.34540862,0.65459144
214,1,0,0.57769686,0.42230314
215,1,1,0.42540598,0.574594
216,1,1,0.4997676,0.50023246
217,1,0,0.6356062,0.3643938
218,1,0,0.59653777,0.40346223
219,1,0,0.81642145,0.1835786
220,1,0,0.63440967,0.36559033
221,1,0,0.6245997,0.37540036
222,1,0,0.5331132,0.46688685
223,1,0,0.5119473,0.4880527
224,1,1,0.45853853,0.54146147
225,1,0,0.6701884,0.3298115
226,1,0,0.61144483,0.38855526
227,1,0,0.5341243,0.46587574
228,1,0,0.7502073,0.2497927
229,1,0,0.5099265,0.49007353
230,1,0,0.55783844,0.44216162
231,1,1,0.4494114,0.55058867
232,1,1,0.35444638,0.64555365
233,1,1,0.36260867,0.6373913
234,1,1,0.47243464,0.5275654
235,1,1,0.4922893,0.5077107
236,1,0,0.51268953,0.48731053
237,1,0,0.6937699,0.30623013
238,1,1,0.4206884,0.57931167
239,1,0,0.8863659,0.113634095
240,1,0,0.8261857,0.17381427
241,1,0,0.6130685,0.38693148
242,1,0,0.6323019,0.36769813
243,1,0,0.5462174,0.45378268
244,1,1,0.49706516,0.5029349
245,1,0,0.7417709,0.2582291
246,1,0,0.5434616,0.4565384
247,1,0,0.51354456,0.4864555
248,1,0,0.67051476,0.3294853
249,1,0,0.5002136,0.49978635
250,1,1,0.39119846,0.6088016
251,1,0,0.63266313,0.36733696
252,1,0,0.52076143,0.4792386
253,1,1,0.35976422,0.6402358
254,1,0,0.7112462,0.28875387
255,1,0,0.5285592,0.4714408
256,1,0,0.8120924,0.18790764
257,1,0,0.79376525,0.20623478
258,1,1,0.49769837,0.5023017
259,1,0,0.7063122,0.2936878
260,1,0,0.53599274,0.46400726
261,1,1,0.49653348,0.5034665
262,1,1,0.41698265,0.58301735
263,1,0,0.52950907,0.470491
264,1,1,0.4951057,0.50489426
265,1,0,0.6720187,0.32798132
266,1,1,0.49865386,0.50134623
267,1,0,0.5888748,0.41112518
268,1,1,0.49411863,0.50588137
269,1,1,0.37088308,0.62911695
270,1,0,0.9623234,0.03767653
271,1,1,0.49669266,0.5033074
272,1,0,0.556119,0.443881
273,1,1,0.48970577,0.5102942
274,1,1,0.4539165,0.54608357
275,1,0,0.7605092,0.23949087
276,1,1,0.47608668,0.5239134
277,1,1,0.4959333,0.5040667
278,1,0,0.5900214,0.4099787
279,1,1,0.49980354,0.50019646
280,1,1,0.33964658,0.6603534
281,1,0,0.8234645,0.17653549
282,1,0,0.53131056,0.4686895
283,1,0,0.8131944,0.18680571
284,1,1,0.4660315,0.53396857
285,1,0,0.80517924,0.19482079
286,1,0,0.5484221,0.4515779
287,1,0,0.5776963,0.42230374
288,1,1,0.48517975,0.5148203
289,1,1,0.44898528,0.5510147
290,1,1,0.46751702,0.53248304
291,1,1,0.42331895,0.57668114
292,1,0,0.6184025,0.38159752
293,1,1,0.4550969,0.54490316
294,1,0,0.82933474,0.17066526
295,1,1,0.35048518,0.64951485
296,1,0,0.71290493,0.2870951
297,1,0,0.5187838,0.48121625
298,1,1,0.34434193,0.6556581
299,1,1,0.40681243,0.5931876
300,1,0,0.6479592,0.35204083
301,1,0,0.5713816,0.42861837
302,1,0,0.6012181,0.39878196
303,1,1,0.44944727,0.5505527
304,1,1,0.47372007,0.52628
305,1,0,0.6364609,0.36353916
306,1,0,0.87869966,0.12130037
307,1,0,0.85268974,0.14731032
308,1,0,0.8321662,0.16783375
309,1,0,0.6607939,0.3392061
310,1,0,0.9125242,0.0874757
311,1,0,0.95329714,0.04670292
312,1,0,0.8374934,0.16250664
313,1,0,0.54862416,0.45137584
314,1,1,0.4803915,0.5196085
315,1,0,0.5852591,0.414741
316,1,0,0.51039207,0.48960793
317,1,1,0.39519757,0.6048025
318,1,0,0.6244936,0.3755064
319,1,0,0.6682204,0.33177972
320,1,0,0.6269298,0.3730702
321,1,1,0.40346736,0.5965327
322,1,0,0.66270804,0.33729205
323,1,0,0.65016997,0.34983003
324,1,0,0.63038504,0.36961505
325,1,0,0.651935,0.34806514
326,1,0,0.54815495,0.4518451
327,1,0,0.76473063,0.23526943
328,1,0,0.5806156,0.41938448
329,1,0,0.6122115,0.38778853
330,1,0,0.6199012,0.38009888
331,1,0,0.64517283,0.35482723
332,1,0,0.6540954,0.34590456
333,1,1,0.49435562,0.5056444
334,1,0,0.519283,0.48071703
335,1,0,0.55727446,0.44272554
336,1,0,0.77255356,0.22744653
337,1,1,0.39439973,0.6056003
338,1,0,0.60664386,0.39335626
339,1,0,0.6203408,0.37965924
340,1,0,0.60307896,0.3969211
341,1,0,0.8266217,0.17337829
342,1,0,0.8504468,0.14955324
343,1,0,0.6601999,0.33980012
344,1,0,0.5120651,0.48793492
345,1,0,0.74940693,0.25059313
346,1,0,0.61547196,0.38452804
347,1,0,0.6374648,0.3625352
348,1,0,0.69270414,0.30729592
349,1,0,0.57625663,0.42374337
350,1,0,0.6568977,0.34310228
351,1,0,0.8183295,0.1816706
352,1,0,0.59595555,0.40404445
353,1,0,0.6995486,0.30045146
354,1,0,0.58747,0.41253012
355,1,1,0.4837285,0.5162716
356,1,0,0.5009702,0.49902984
357,1,0,0.53287315,0.46712685
358,1,0,0.69298685,0.30701324
359,1,0,0.6853749,0.31462508
360,1,0,0.5230882,0.47691184
361,1,0,0.8083734,0.19162667
362,1,0,0.5323186,0.4676814
363,1,0,0.5019519,0.4980482
364,1,0,0.6633551,0.33664486
365,1,0,0.6641967,0.33580333
366,1,0,0.5636325,0.4363675
367,1,0,0.5298555,0.47014448
368,1,0,0.82212347,0.17787652
369,1,0,0.7530668,0.24693327
370,1,0,0.79143703,0.20856306
371,1,0,0.94578546,0.054214634
372,1,0,0.51609784,0.4839022
373,1,0,0.74677914,0.2532209
374,1,1,0.45950374,0.5404963
375,1,0,0.5856905,0.4143096
376,1,0,0.63596594,0.36403403
377,1,0,0.8151326,0.18486737
378,1,0,0.5358368,0.46416315
379,1,0,0.6031939,0.3968062
380,1,0,0.94683504,0.053164996
381,1,0,0.54144984,0.45855018
382,1,0,0.8912864,0.10871368
383,1,0,0.82708085,0.17291915
384,1,0,0.52478,0.47522002
385,1,0,0.59574664,0.40425336
386,1,0,0.57084334,0.42915666
387,1,0,0.600882,0.39911804
388,1,0,0.6018562,0.39814386
389,1,0,0.82164323,0.1783568
390,1,0,0.5114571,0.48854288
391,1,0,0.738009,0.26199102
392,1,0,0.70910877,0.2908913
393,1,0,0.50058025,0.49941978
394,1,0,0.5003186,0.49968147
395,1,0,0.512975,0.48702502
396,1,0,0.50356907,0.49643096
397,1,0,0.9524615,0.04753859
398,1,0,0.7649379,0.23506217
399,1,0,0.93069184,0.06930813
400,1,0,0.826414,0.17358601
401,1,0,0.82690966,0.17309043
402,1,0,0.63749355,0.36250648
403,1,0,0.6630254,0.33697462
404,1,1,0.48354277,0.51645726
405,1,0,0.64332366,0.3566763
406,1,0,0.90967333,0.09032671
407,1,0,0.8017105,0.19828951
408,1,0,0.6437818,0.3562182
409,1,0,0.83321416,0.16678582
410,1,0,0.69452256,0.30547744
411,1,0,0.6295028,0.3704972
412,1,0,0.6069726,0.39302742
413,1,0,0.8081884,0.19181159
414,1,0,0.6883792,0.31162086
415,1,0,0.66471565,0.33528435
416,1,0,0.5364176,0.46358246
417,1,0,0.95341086,0.04658916
418,1,0,0.88002485,0.11997512
419,1,0,0.5391001,0.46089992
420,1,0,0.6160784,0.38392162
421,1,0,0.5491877,0.45081234
422,1,1,0.43092427,0.56907576
423,1,1,0.49910578,0.50089425
424,1,0,0.6210521,0.37894794
425,1,0,0.5924783,0.40752178
426,1,0,0.9613673,0.038632765
427,1,0,0.8327669,0.16723317
428,1,0,0.69048023,0.30951983
429,1,0,0.8058065,0.19419348
430,1,0,0.8013191,0.19868086
431,1,0,0.64791656,0.3520835
432,1,0,0.58924425,0.4107558
433,1,0,0.7982867,0.20171332
434,1,1,0.46553034,0.53446966
435,1,0,0.6493511,0.35064894
436,1,1,0.45518288,0.54481715
437,1,1,0.4193775,0.58062255
438,1,1,0.3961693,0.60383075
439,1,0,0.59487504,0.40512502
440,1,1,0.21243027,0.7875697
441,1,0,0.7137294,0.28627062
442,1,1,0.46375865,0.5362414
443,1,0,0.5170515,0.4829485
444,1,0,0.79128426,0.20871578
445,1,0,0.58867455,0.41132545
446,1,1,0.40305433,0.59694564
447,1,0,0.667791,0.3322091
448,1,0,0.64898103,0.35101897
449,1,0,0.5076957,0.4923043
450,1,1,0.34187424,0.65812576
451,1,1,0.48985717,0.51014286
452,1,1,0.4986478,0.5013522
453,1,1,0.2108569,0.7891431
454,1,1,0.44342896,0.55657107
455,1,1,0.3927761,0.6072239
456,1,1,0.4886832,0.5113169
457,1,1,0.2542607,0.74573934
458,1,1,0.40275928,0.59724075
459,1,1,0.33465618,0.6653439
460,1,0,0.5083741,0.4916259
461,1,0,0.66540074,0.33459926
462,1,0,0.50030327,0.49969673
463,1,0,0.90070647,0.09929353
464,1,0,0.9315356,0.06846441
465,1,1,0.46944237,0.5305577
466,1,0,0.6670749,0.33292508
467,1,0,0.55284977,0.44715032
468,1,0,0.614257,0.38574308
469,1,1,0.35509557,0.64490443
470,1,0,0.82795155,0.17204855
471,1,1,0.31102496,0.68897504
472,1,1,0.32219434,0.67780566
473,1,1,0.42922443,0.5707756
474,1,1,0.32371086,0.6762892
475,1,0,0.8723186,0.12768143
476,1,0,0.7031073,0.2968927
477,1,1,0.31283307,0.6871669
478,1,1,0.3040849,0.69591516
479,1,0,0.7895736,0.21042638
480,1,1,0.3765995,0.6234005
481,1,0,0.6080899,0.39191014
482,1,0,0.5813265,0.41867357
483,1,0,0.83436227,0.16563779
484,1,0,0.74792117,0.25207895
485,1,0,0.5174263,0.48257375
486,1,1,0.3225838,0.67741627
487,1,0,0.5518977,0.44810236
488,1,0,0.8210549,0.17894521
489,1,0,0.5064536,0.49354646
490,1,0,0.66523117,0.33476886
491,1,0,0.56732476,0.4326753
492,1,1,0.46429393,0.53570616
493,1,1,0.4784423,0.5215577
494,1,0,0.6690287,0.33097136
495,1,0,0.6616365,0.33836353
496,1,1,0.395892,0.6041081
497,1,0,0.7588022,0.24119785
498,1,1,0.43015847,0.5698416
499,1,0,0.7428249,0.25717506
500,1,1,0.41715598,0.582844
501,1,0,0.91796005,0.08204007
502,1,1,0.47978038,0.5202197
503,1,0,0.5100043,0.4899957
504,1,0,0.60999465,0.39000535
505,1,0,0.50893414,0.49106592
506,1,0,0.7822983,0.21770166
507,1,1,0.34997615,0.6500239
508,1,0,0.8383798,0.16162021
509,1,0,0.7335221,0.26647785
510,1,0,0.9279059,0.07209416
511,1,0,0.9299976,0.0700024
512,1,0,0.7867445,0.21325558
513,1,0,0.6247349,0.37526518
514,1,0,0.5126181,0.48738194
515,1,0,0.5724473,0.4275527
516,1,0,0.9241953,0.075804666
517,1,0,0.5143124,0.48568758
518,1,0,0.5044023,0.49559778
519,1,0,0.6184964,0.38150364
520,1,1,0.49795526,0.5020448
521,1,1,0.4066791,0.59332097
522,1,0,0.6646564,0.3353436
523,1,0,0.6631523,0.33684778
524,1,1,0.3406195,0.65938056
525,1,0,0.951911,0.048088964
526,1,0,0.68571824,0.31428176
527,1,0,0.5188209,0.48117918
528,1,1,0.48671126,0.51328874
529,1,0,0.6549602,0.34503984
530,1,0,0.50879616,0.49120387
531,1,0,0.81846917,0.18153094
532,1,0,0.66633105,0.33366892
533,1,0,0.5018543,0.49814576
534,1,0,0.74333495,0.25666505
535,1,0,0.59631187,0.4036882
536,1,0,0.8041469,0.19585308
537,1,0,0.5058614,0.4941386
538,1,0,0.78527415,0.21472591
539,1,0,0.76806724,0.23193288
540,1,0,0.5795687,0.42043135
541,1,0,0.6678531,0.33214688
542,1,0,0.7015064,0.2984936
543,1,0,0.6783444,0.32165557
544,1,0,0.7360176,0.2639825
545,1,0,0.7169523,0.2830477
546,1,0,0.5923402,0.4076599
547,1,0,0.93163586,0.06836415
548,1,0,0.7088345,0.29116547
549,1,0,0.66223377,0.33776626
550,1,1,0.47159213,0.5284079
551,1,0,0.670918,0.329082
552,1,0,0.7251386,0.27486143
553,1,0,0.6090671,0.39093298
554,1,0,0.6413953,0.3586048
555,1,0,0.8833244,0.1166756
556,1,1,0.48816168,0.5118384
557,1,0,0.59062725,0.40937278
558,1,1,0.46419257,0.5358075
559,1,0,0.696043,0.30395702
560,1,0,0.61036325,0.38963675
561,1,0,0.9112596,0.08874045
562,1,1,0.49560723,0.50439286
563,1,0,0.7735218,0.22647825
564,1,0,0.7286226,0.2713774
565,1,0,0.5252511,0.47474894
566,1,1,0.4539032,0.5460968
567,1,0,0.6580279,0.34197208
568,1,0,0.78515446,0.21484564
569,1,0,0.5009594,0.49904057
570,1,1,0.40136275,0.5986372
571,1,0,0.6672112,0.33278883
572,1,0,0.8477294,0.15227062
573,1,0,0.7500953,0.24990475
574,1,0,0.76248705,0.237513
575,1,0,0.57212186,0.42787814
576,1,0,0.7176374,0.28236264
577,1,0,0.5077505,0.49224955
578,1,0,0.55934465,0.44065535
579,1,0,0.65019256,0.34980744
580,1,0,0.53261566,0.46738443
581,1,0,0.70846385,0.29153618
582,1,0,0.6583027,0.3416973
583,1,0,0.53769004,0.46231005
584,0,0,0.57011795,0.4298821
585,0,0,0.75992334,0.24007675
586,0,0,0.6738647,0.3261353
587,0,0,0.6648848,0.33511516
588,0,0,0.8432726,0.1567274
589,0,0,0.5606084,0.43939167
590,0,0,0.74416935,0.2558307
591,0,0,0.5170262,0.4829738
592,0,0,0.6592709,0.34072918
593,0,0,0.6834177,0.31658238
594,0,0,0.6677804,0.33221963
595,0,0,0.70676655,0.29323348
596,0,0,0.8295977,0.17040229
597,0,0,0.72692966,0.2730704
598,0,0,0.85754514,0.14245485
599,0,0,0.96599853,0.03400156
600,0,0,0.64515644,0.35484356
601,0,0,0.69164693,0.30835313
602,0,0,0.6888642,0.3111359
603,0,0,0.76274157,0.23725842
604,0,0,0.91968846,0.08031148
605,0,0,0.65545654,0.3445434
606,0,0,0.6570178,0.34298223
607,0,0,0.67346954,0.3265304
608,0,0,0.9543554,0.04564459
609,0,0,0.7956888,0.20431118
610,0,0,0.7813095,0.2186906
611,0,0,0.78118294,0.218817
612,0,0,0.7545173,0.24548268
613,0,0,0.74146235,0.25853765
614,0,0,0.78883135,0.2111687
615,0,0,0.5890051,0.4109949
616,0,0,0.62908316,0.3709169
617,0,0,0.6850896,0.31491038
618,0,0,0.7001535,0.29984653
619,0,0,0.8319559,0.16804413
620,0,0,0.7399182,0.26008183
621,0,0,0.70801324,0.2919868
622,0,0,0.6268305,0.37316948
623,0,0,0.54586875,0.4541313
624,0,0,0.75794935,0.24205065
625,0,0,0.50934273,0.4906573
626,0,0,0.5470504,0.4529496
627,0,0,0.82202697,0.17797309
628,0,0,0.6613107,0.33868933
629,0,0,0.81904745,0.18095252
630,0,0,0.7687329,0.23126712
631,0,0,0.8264791,0.17352095
632,0,0,0.85338515,0.14661482
633,0,0,0.62446266,0.37553737
634,0,0,0.5909958,0.40900427
635,0,0,0.6646381,0.33536193
636,0,0,0.5242028,0.47579718
637,0,0,0.5015286,0.49847135
638,0,0,0.62126744,0.37873262
639,0,0,0.7973623,0.20263766
640,0,0,0.8300227,0.16997734
641,0,0,0.6668004,0.33319968
642,0,0,0.80735266,0.19264743
643,0,0,0.7920653,0.2079347
644,0,0,0.80469394,0.195306
645,0,0,0.53092533,0.4690747
646,0,0,0.64541864,0.35458142
647,0,0,0.9753345,0.024665553
648,0,0,0.53770524,0.46229476
649,0,0,0.7674867,0.23251337
650,0,0,0.8673657,0.13263434
651,0,0,0.56204766,0.43795237
652,0,0,0.79689443,0.20310555
653,0,0,0.81406087,0.1859391
654,0,0,0.57161,0.42839003
655,0,0,0.69078463,0.30921546
656,0,0,0.7936256,0.20637439
657,0,0,0.83232737,0.16767263
658,0,0,0.7362883,0.26371172
659,0,0,0.5071615,0.4928386
660,0,0,0.5521393,0.44786072
661,0,0,0.96883905,0.031160949
662,0,0,0.8214797,0.17852037
663,0,0,0.79482925,0.2051708
664,0,0,0.8247819,0.17521808
665,0,0,0.715381,0.28461903
666,0,0,0.6696133,0.3303867
667,0,0,0.5063095,0.4936905
668,0,0,0.61951137,0.38048863
669,0,0,0.67513096,0.32486916
670,0,0,0.50283396,0.4971661
671,0,1,0.3310067,0.66899335
672,0,0,0.82973146,0.17026852
673,0,1,0.45404515,0.54595494
674,0,0,0.649215,0.35078508
675,0,0,0.63353175,0.36646828
676,0,0,0.6727394,0.32726067
677,0,0,0.89975524,0.100244716
678,0,0,0.5004393,0.49956077
679,0,0,0.88951224,0.110487774
680,1,1,0.42441088,0.5755892
681,1,1,0.39600286,0.6039972
682,1,1,0.4652353,0.53476477
683,1,0,0.6367592,0.3632408
684,1,0,0.6576615,0.3423385
685,1,0,0.63290846,0.36709154
686,1,0,0.6004888,0.39951122
687,1,1,0.47351164,0.5264884
688,1,0,0.50926423,0.49073586
689,1,1,0.32004327,0.6799567
690,1,0,0.6193926,0.38060743
691,1,1,0.37509367,0.6249063
692,1,1,0.3436881,0.656312
693,1,1,0.49876517,0.5012349
694,1,0,0.6525795,0.3474205
695,1,0,0.8271532,0.17284682
696,1,0,0.5858197,0.41418028
697,1,1,0.49516678,0.5048332
698,1,1,0.45341212,0.5465879
699,1,1,0.472587,0.5274131
700,1,1,0.39508826,0.6049118
701,1,0,0.6761799,0.3238201
702,1,0,0.8159332,0.1840668
703,1,1,0.48048812,0.51951194
704,1,0,0.52067286,0.47932717
705,1,0,0.70317054,0.29682952
706,1,1,0.44857097,0.55142903
707,1,0,0.5503454,0.44965464
708,1,0,0.5503879,0.44961214
709,1,1,0.49374515,0.50625485
710,1,0,0.5140463,0.4859537
711,1,0,0.5416559,0.4583441
712,1,0,0.6102435,0.38975653
713,1,0,0.5136107,0.48638928
714,1,0,0.65596235,0.3440377
715,1,0,0.6567687,0.3432313
716,1,0,0.7485153,0.25148472
717,1,0,0.99481654,0.005183435
718,1,0,0.728516,0.27148408
719,1,0,0.9176153,0.082384735
720,1,0,0.567785,0.43221503
721,1,0,0.8479035,0.15209652
722,1,1,0.46772647,0.53227353
723,1,0,0.8326397,0.16736034
724,1,1,0.41161498,0.58838505
725,1,1,0.36233696,0.63766307
726,1,0,0.6666477,0.3333523
727,1,0,0.5574007,0.4425993
728,1,1,0.3425294,0.6574706
729,1,0,0.6402246,0.3597755
730,1,0,0.5616653,0.43833467
731,1,1,0.45638245,0.5436176
732,1,0,0.5552273,0.4447727
733,1,0,0.80132496,0.19867507
734,1,0,0.6061765,0.39382356
735,1,0,0.50778383,0.4922162
736,1,0,0.5978981,0.40210187
737,1,1,0.45972246,0.5402776
738,1,1,0.44378936,0.55621064
739,1,0,0.66432035,0.33567965
740,1,0,0.52244437,0.47755563
741,1,0,0.6094637,0.3905364
742,1,1,0.4810174,0.5189826
743,1,1,0.4745044,0.52549565
744,1,0,0.710526,0.28947404
745,1,1,0.49213493,0.5078651
746,1,0,0.73988366,0.26011634
747,1,0,0.73198456,0.26801544
748,1,1,0.38176763,0.61823237
749,1,0,0.5322836,0.46771643
750,1,0,0.6493541,0.350646
751,1,0,0.6674501,0.33255005
752,1,0,0.64916897,0.35083103
753,1,0,0.6001035,0.3998965
754,1,0,0.97308224,0.02691774
755,1,0,0.8337475,0.1662525
756,1,0,0.60083216,0.39916787
757,1,0,0.63579655,0.3642035
758,1,0,0.9504355,0.049564492
759,1,0,0.5091251,0.4908749
760,1,0,0.5014602,0.4985398
761,1,0,0.7051176,0.2948825
762,1,0,0.66463995,0.33536005
763,1,0,0.88017887,0.11982115
764,1,0,0.97299594,0.027004052
765,1,0,0.5572071,0.4427929
766,1,0,0.88531494,0.11468509
767,1,1,0.46945482,0.53054523
768,1,0,0.54447365,0.4555263
769,1,0,0.6227057,0.3772943
770,1,1,0.4139436,0.5860565
771,1,0,0.7312166,0.26878345
772,1,0,0.7780363,0.22196375
773,1,0,0.9539191,0.04608094
774,1,0,0.6220757,0.37792432
775,1,0,0.5903537,0.40964633
776,1,0,0.9887189,0.011281133
777,1,0,0.8924377,0.10756223
778,1,0,0.81777906,0.18222097
779,1,0,0.5196414,0.48035866
780,1,0,0.83274907,0.16725098
781,1,0,0.6480384,0.35196167
782,1,0,0.50069964,0.49930033
783,1,0,0.62673557,0.3732645
784,1,1,0.3920518,0.6079482
785,1,0,0.620011,0.37998912
786,1,0,0.6356759,0.36432403
787,1,0,0.52531195,0.4746881
788,1,0,0.50075364,0.49924642
789,1,1,0.39430484,0.6056952
790,1,0,0.98478144,0.015218586
791,1,0,0.5823654,0.4176346
792,1,0,0.7943219,0.20567814
793,1,1,0.4368881,0.5631119
794,1,0,0.96625316,0.03374689
795,1,0,0.65365684,0.34634316
796,1,1,0.48573017,0.5142698
797,1,1,0.35074157,0.64925855
798,1,0,0.5935435,0.40645644
799,1,1,0.4369808,0.56301916
800,1,0,0.87933993,0.12066011
801,1,0,0.98317474,0.016825274
802,1,0,0.83586806,0.16413198
803,1,0,0.5829451,0.41705495
804,1,0,0.9944548,0.005545202
805,1,0,0.84247226,0.1575278
806,1,0,0.8280632,0.1719369
807,1,0,0.5638329,0.43616712
808,1,1,0.43923092,0.5607691
809,1,0,0.83048856,0.16951154
810,1,0,0.8466929,0.15330715
811,1,1,0.43122345,0.5687766
812,1,0,0.7711093,0.22889072
813,1,0,0.8385552,0.1614449
814,1,1,0.46497768,0.5350223
815,1,0,0.5309515,0.4690486
816,1,0,0.975502,0.024497932
817,1,1,0.48652142,0.51347864
818,1,0,0.5463513,0.4536487
819,1,0,0.8344106,0.16558939
820,1,0,0.977209,0.022791069
821,1,0,0.99375534,0.006244641
822,1,0,0.6606416,0.33935842
823,1,1,0.4683783,0.53162175
824,1,0,0.95889133,0.041108664
825,1,0,0.83400935,0.16599071
826,1,0,0.8329638,0.16703624
827,1,0,0.8308539,0.16914612
828,1,1,0.3390028,0.66099715
829,1,0,0.6667682,0.33323187
830,1,0,0.9905982,0.009401721
831,1,0,0.66118324,0.33881685
832,1,0,0.90832293,0.091677055
833,1,1,0.49264154,0.50735843
834,1,0,0.80393714,0.19606285
835,1,0,0.79602575,0.20397422
836,1,1,0.3306439,0.6693561
837,1,0,0.69807476,0.30192527
838,1,0,0.97529215,0.02470786
839,1,0,0.54213566,0.45786437
840,1,0,0.6625357,0.33746427
841,1,0,0.55508554,0.44491452
842,1,0,0.6139528,0.38604724
843,1,0,0.8400116,0.15998833
844,1,0,0.79220426,0.20779584
845,1,1,0.3689158,0.6310842
846,1,0,0.9716508,0.028349329
847,1,0,0.8915422,0.10845782
848,1,0,0.635217,0.36478302
849,1,0,0.5110071,0.48899302
850,1,0,0.8886358,0.11136424
851,1,1,0.43648526,0.56351477
852,1,0,0.8436679,0.15633208
853,1,0,0.83315253,0.16684745
854,1,1,0.19277881,0.8072212
855,1,0,0.8312321,0.16876796
856,1,0,0.8364543,0.16354576
857,1,0,0.7698401,0.23015992
858,1,0,0.96217525,0.037824765
859,1,0,0.8368443,0.16315573
860,1,0,0.60076576,0.39923427
861,1,0,0.51936966,0.48063037
862,1,0,0.6649341,0.33506593
863,1,0,0.8339414,0.16605863
864,1,0,0.64595616,0.35404384
865,1,0,0.7056779,0.29432213
866,1,0,0.8331951,0.16680501
867,1,0,0.8328802,0.16711979
868,1,0,0.833261,0.16673905
869,1,0,0.6527685,0.3472315
870,1,0,0.8064213,0.19357865
871,1,0,0.5039378,0.49606225
872,1,0,0.83300555,0.16699448
873,1,0,0.7779162,0.22208378
874,1,0,0.6112204,0.38877958
875,1,0,0.53884864,0.46115133
876,1,1,0.48946345,0.5105366
877,1,1,0.4002549,0.59974515
878,1,0,0.6547791,0.34522098
879,1,0,0.62021154,0.3797884
880,1,1,0.44580048,0.5541996
881,1,0,0.65717787,0.34282216
882,1,0,0.65321136,0.34678861
883,1,0,0.58848757,0.4115125
884,1,1,0.38291907,0.6170809
885,1,0,0.6705564,0.32944366
886,1,1,0.48146152,0.5185385
887,1,0,0.69773525,0.3022648
888,1,1,0.4868049,0.5131951
889,1,0,0.5843765,0.4156235
890,1,0,0.6646588,0.33534122
891,1,0,0.65142655,0.3485735
892,1,0,0.6376774,0.36232278
893,1,0,0.8610647,0.13893536
894,1,0,0.8305526,0.16944736
895,1,0,0.6086144,0.39138564
896,1,0,0.61328155,0.38671848
897,1,0,0.7934909,0.20650917
898,1,1,0.4659488,0.53405124
899,1,0,0.60662234,0.39337772
900,1,0,0.63342154,0.36657846
901,1,1,0.43509817,0.5649018
902,1,0,0.6606147,0.33938527
903,1,1,0.3797555,0.6202445
904,1,0,0.93149364,0.068506435
905,1,1,0.3630198,0.63698024
906,1,0,0.7262763,0.2737238
907,1,1,0.49543506,0.504565
908,1,0,0.57435036,0.4256497
909,1,1,0.33603296,0.663967
910,1,0,0.5875765,0.41242358
911,1,0,0.9234618,0.07653825
912,1,0,0.8849292,0.11507082
913,1,0,0.54027534,0.45972463
914,1,0,0.74951017,0.2504899
915,1,0,0.6736805,0.32631952
916,1,1,0.4989707,0.5010293
917,1,0,0.9924514,0.0075486153
918,1,1,0.36280057,0.63719946
919,1,0,0.6630083,0.3369918
920,1,1,0.45992965,0.5400704
921,1,0,0.5682892,0.43171078
922,1,0,0.6894974,0.3105026
923,1,1,0.420838,0.579162
924,1,0,0.51176816,0.4882319
925,1,0,0.754029,0.24597107
926,1,0,0.71690786,0.28309214
927,1,0,0.832327,0.16767302
928,1,0,0.65568155,0.3443185
929,1,0,0.8641894,0.13581061
930,1,0,0.7940059,0.20599405
931,1,0,0.53419906,0.465801
932,1,0,0.55777043,0.4422296
933,1,0,0.5987361,0.40126392
934,1,0,0.5324001,0.46759987
935,1,0,0.5514832,0.44851682
936,1,0,0.70574236,0.29425764
937,1,0,0.787774,0.21222597
938,1,0,0.57142085,0.42857918
939,1,0,0.8090613,0.19093874
940,1,0,0.8012297,0.19877025
941,1,0,0.7607445,0.23925549
942,1,0,0.6955804,0.30441964
943,1,1,0.4656853,0.53431475
944,1,0,0.8015218,0.19847822
945,1,0,0.6423905,0.3576096
946,1,0,0.6554663,0.34453368
947,1,0,0.81412137,0.18587863
948,1,0,0.5565729,0.4434271
949,0,1,0.3392977,0.66070235
950,0,0,0.5873199,0.41268012
951,0,1,0.2863454,0.7136547
952,0,0,0.6549096,0.34509036
953,0,0,0.50004846,0.4999516
954,0,0,0.65365607,0.34634405
955,0,0,0.59265316,0.4073468
956,0,1,0.48099065,0.51900935
957,0,0,0.73906016,0.2609398
958,0,0,0.85847807,0.14152196
959,0,0,0.6416596,0.35834044
960,0,0,0.72912633,0.27087373
961,0,1,0.48845452,0.5115455
962,0,0,0.61685276,0.3831472
963,0,0,0.68240947,0.3175906
964,0,1,0.4999189,0.5000811
965,0,0,0.6664421,0.33355796
966,0,0,0.7467345,0.2532655
967,0,0,0.57853544,0.42146456
968,0,0,0.82083094,0.17916912
969,0,0,0.5543489,0.44565117
970,0,0,0.730848,0.26915202
971,0,0,0.76516676,0.2348333
972,0,0,0.7786186,0.22138141
973,0,0,0.8221377,0.17786238
974,0,0,0.858466,0.14153391
975,0,0,0.77187574,0.2281243
976,0,0,0.76580334,0.2341967
977,0,0,0.6249322,0.37506783
978,0,0,0.66386276,0.33613726
979,0,0,0.6387796,0.36122045
980,0,0,0.65333927,0.34666082
981,0,0,0.6617243,0.33827564
982,0,0,0.51230097,0.48769903
983,0,1,0.38360685,0.6163932
984,0,0,0.5025502,0.49744985
985,0,1,0.45831722,0.5416828
986,0,1,0.3339139,0.6660862
987,0,1,0.34206435,0.6579357
988,0,1,0.3726719,0.62732816
989,0,1,0.49464962,0.5053504
990,0,1,0.3363808,0.66361916
991,0,1,0.35151693,0.6484831
992,0,1,0.47265023,0.5273498
993,0,0,0.50040245,0.4995976
994,0,1,0.42111588,0.5788841
995,0,1,0.43524942,0.5647506
996,0,0,0.505932,0.49406803
997,0,1,0.44837755,0.5516224
998,0,1,0.39794928,0.6020507
999,0,1,0.4823265,0.51767355
1000,0,0,0.5433208,0.4566792
1001,0,0,0.5228797,0.47712034
1002,0,0,0.5712812,0.4287188
1003,0,1,0.49660942,0.5033906
1004,0,0,0.6230957,0.37690437
1005,0,0,0.5207084,0.47929165
1006,0,0,0.64270926,0.35729074
1007,0,1,0.2016447,0.79835534
1008,0,0,0.6650647,0.33493537
1009,0,0,0.503566,0.49643397
1010,0,0,0.54679656,0.45320344
1011,0,1,0.39691424,0.6030857
1012,0,0,0.6241338,0.37586614
1013,0,0,0.6404631,0.3595369
1014,0,0,0.61554307,0.38445693
1015,0,1,0.39662656,0.60337347
1016,0,0,0.61259854,0.38740152
1017,0,1,0.46898252,0.53101754
1018,0,0,0.6579496,0.3420504
1019,0,0,0.6256766,0.37432346
1020,0,1,0.46617827,0.53382176
1021,0,0,0.51305073,0.48694932
1022,0,1,0.48140118,0.5185989
1023,0,1,0.49963173,0.5003683
1024,0,0,0.503425,0.496575
1025,0,0,0.5000317,0.49996838
1026,0,1,0.36637744,0.6336226
1027,0,1,0.34586677,0.6541332
1028,0,1,0.34778154,0.6522185
1029,0,0,0.55893517,0.44106492
1030,0,0,0.66981184,0.3301882
1031,0,0,0.5926509,0.40734908
1032,0,1,0.2706867,0.7293134
1033,0,0,0.55533516,0.4446649
1034,0,0,0.65365463,0.3463454
1035,0,1,0.3840407,0.6159593
1036,0,0,0.63804376,0.36195633
1037,0,0,0.5186702,0.48132986
1038,0,1,0.45488816,0.5451119
1039,0,0,0.5558212,0.44417882
1040,0,0,0.5026991,0.49730095
1041,0,1,0.4130741,0.5869259
1042,0,0,0.612514,0.38748598
1043,0,0,0.6575805,0.34241956
1044,0,0,0.51283425,0.4871658
1045,0,0,0.5020062,0.4979939
1046,0,0,0.5120034,0.48799664
1047,0,1,0.33178774,0.6682123
1048,0,0,0.5867543,0.41324565
1049,0,0,0.5725381,0.42746198
1050,0,1,0.41436672,0.5856333
1051,0,0,0.6504957,0.34950432
1052,0,0,0.5443279,0.45567212
1053,0,0,0.5469817,0.45301837
1054,0,1,0.45286414,0.5471359
1055,0,1,0.4181769,0.5818231
1056,0,0,0.5035372,0.49646282
1057,0,1,0.3646601,0.6353399
1058,0,1,0.4539803,0.54601973
1059,0,1,0.35132396,0.64867604
1060,0,1,0.4984128,0.5015873
1061,0,1,0.4987225,0.50127757
1062,0,1,0.27181715,0.7281829
1063,0,1,0.48513848,0.5148616
1064,0,0,0.61098427,0.38901573
1065,0,1,0.44105598,0.5589441
1066,0,1,0.3300346,0.66996545
1067,0,0,0.5555016,0.44449848
1068,0,0,0.6600436,0.33995646
1069,0,1,0.34371966,0.6562803
1070,0,0,0.50086904,0.49913093
1071,0,0,0.52935845,0.47064158
1072,0,0,0.5182848,0.4817152
1073,0,1,0.34003556,0.65996444
1074,0,0,0.64170825,0.3582918
1075,0,0,0.63858247,0.3614175
1076,0,0,0.570135,0.42986506
1077,0,1,0.49326986,0.50673014
1078,0,1,0.3943448,0.6056552
1079,0,1,0.4915902,0.50840986
1080,0,1,0.37617013,0.6238299
1081,0,1,0.43896434,0.5610357
1082,0,0,0.5086013,0.49139875
1083,0,0,0.5835146,0.4164854
1084,0,0,0.5633677,0.43663228
1085,0,0,0.5247587,0.47524136
1086,0,1,0.38135302,0.61864704
1087,0,0,0.5172088,0.48279124
1088,0,0,0.5474323,0.45256776
1089,0,0,0.50497496,0.49502504
1090,0,0,0.8224125,0.17758754
1091,0,0,0.5081542,0.4918458
1092,0,0,0.5517211,0.44827896
1093,0,0,0.6573177,0.34268236
1094,0,0,0.5192125,0.48078758
1095,0,0,0.7728529,0.22714715
1096,0,1,0.48955607,0.510444
1097,0,0,0.6392684,0.36073166
1098,0,0,0.506636,0.49336404
1099,0,0,0.6182148,0.38178524
1100,0,1,0.4989447,0.50105536
1101,0,0,0.5782563,0.42174372
1102,0,0,0.67629576,0.32370424
1103,0,0,0.548913,0.451087
1104,0,0,0.50037885,0.49962115
1105,0,1,0.4690064,0.5309937
1106,0,0,0.6646421,0.33535787
1107,0,0,0.5185964,0.4814036
1108,0,0,0.65217066,0.34782943
1109,0,0,0.61811537,0.38188463
1110,0,1,0.4920594,0.50794065
1111,0,0,0.6215699,0.3784302
1112,0,0,0.69622445,0.30377552
1113,0,0,0.78705823,0.21294181
1114,0,0,0.5780821,0.42191792
1115,0,1,0.49794516,0.5020549
1116,0,0,0.55692625,0.4430738
1117,0,0,0.547044,0.45295605
1118,0,0,0.6606959,0.33930418
1119,0,1,0.42368644,0.57631356
1120,1,0,0.6622562,0.33774388
1121,1,0,0.533709,0.46629107
1122,1,1,0.35481775,0.6451823
1123,1,0,0.5028533,0.4971468
1124,1,0,0.50276107,0.49723893
1125,1,0,0.50002235,0.49997765
1126,1,0,0.50001204,0.49998793
1127,1,0,0.50001127,0.49998876
1128,1,0,0.50193524,0.49806482
1129,1,1,0.49999106,0.50000894
1130,1,0,0.50136244,0.49863762
1131,1,0,0.50009584,0.49990416
1132,1,0,0.50007915,0.4999209
1133,1,0,0.5003462,0.49965382
1134,1,0,0.50071406,0.49928594
1135,1,0,0.50047207,0.49952793
1136,1,0,0.502429,0.497571
1137,1,1,0.46477753,0.53522253
1138,1,1,0.49519783,0.5048022
1139,1,0,0.5951785,0.40482152
1140,1,0,0.6656665,0.3343335
1141,1,1,0.3358403,0.6641598
1142,1,0,0.50048566,0.49951434
1143,1,1,0.44216046,0.5578396
1144,1,0,0.6246461,0.3753539
1145,1,0,0.5749628,0.42503724
1146,1,0,0.50155044,0.49844956
1147,1,0,0.62412196,0.37587807
1148,1,0,0.6452215,0.3547785
1149,1,0,0.6609167,0.3390834
1150,1,0,0.56566,0.43434
1151,1,0,0.5127721,0.48722786
1152,1,0,0.575626,0.42437398
1153,1,0,0.5369119,0.4630881
1154,1,0,0.50064325,0.49935684
1155,1,0,0.5058502,0.49414986
1156,1,0,0.5002029,0.49979708
1157,1,0,0.59139794,0.4086021
1158,1,0,0.6545671,0.34543285
1159,1,0,0.5100702,0.4899298
1160,1,0,0.50005466,0.49994537
1161,1,0,0.52552974,0.47447035
1162,1,0,0.50420463,0.49579543
1163,1,0,0.50127584,0.4987242
1164,1,0,0.50377905,0.496221
1165,1,0,0.6482111,0.35178894
1166,1,0,0.65803456,0.3419654
1167,1,1,0.49993575,0.5000643
1168,1,0,0.5105494,0.48945057
1169,1,0,0.5081692,0.49183092
1170,1,0,0.5578967,0.44210333
1171,1,0,0.5068519,0.4931481
1172,1,0,0.50465465,0.4953454
1173,1,1,0.38994393,0.6100561
1174,1,1,0.36349767,0.6365024
1175,1,0,0.5056273,0.4943727
1176,1,0,0.50394046,0.4960596
1177,1,0,0.5217051,0.47829494
1178,1,0,0.50314593,0.49685407
1179,1,0,0.50136065,0.4986394
1180,1,0,0.50684726,0.49315283
1181,1,0,0.5235698,0.47643027
1182,1,0,0.5084219,0.4915781
1183,1,1,0.42768663,0.5723134
1184,1,1,0.49904713,0.5009529
1185,1,0,0.5006386,0.4993614
1186,1,0,0.5021801,0.49781996
1187,1,0,0.50642884,0.49357116
1188,1,0,0.50003463,0.49996543
1189,1,0,0.50434977,0.49565023
1190,1,1,0.39497662,0.6050234
1191,1,0,0.500072,0.499928
1192,1,1,0.43492573,0.5650743
1193,1,0,0.5092768,0.49072322
1194,1,0,0.50004506,0.49995503
1195,1,1,0.39258644,0.60741365
1196,1,0,0.5013428,0.4986573
1197,1,0,0.5260131,0.47398704
1198,1,0,0.50903744,0.49096256
1199,1,0,0.50363874,0.49636126
1200,1,1,0.3996042,0.6003958
1201,1,1,0.49955258,0.5004475
1202,1,0,0.5428717,0.45712835
1203,1,1,0.49960905,0.500391
1204,1,0,0.585982,0.414018
1205,1,0,0.5001317,0.49986833
1206,1,0,0.5001632,0.49983686
1207,1,0,0.62252885,0.37747118
1208,1,0,0.656352,0.34364808
1209,1,0,0.614194,0.38580602
1210,1,0,0.61330676,0.3866933
1211,1,0,0.6491298,0.3508702
1212,1,1,0.41133648,0.5886636
1213,1,0,0.5262841,0.4737159
1214,1,0,0.55749357,0.4425065
1215,1,0,0.5002495,0.49975055
1216,1,0,0.61891174,0.38108826
1217,1,1,0.49958777,0.5004123
1218,1,0,0.5016763,0.49832368
1219,1,0,0.662759,0.33724102
1220,1,0,0.6509849,0.34901512
1221,1,0,0.61968297,0.38031703
1222,1,0,0.5014173,0.49858272
1223,1,0,0.5961188,0.40388125
1224,1,0,0.66215694,0.33784312
1225,1,1,0.43847883,0.5615212
1226,1,0,0.5104141,0.48958594
1227,1,0,0.64723086,0.35276914
1228,1,0,0.6035738,0.39642626
1229,1,0,0.50070107,0.49929893
1230,1,0,0.52334815,0.47665188
1231,1,0,0.5674406,0.43255943
1232,1,0,0.60065573,0.3993442
1233,1,0,0.50067323,0.4993268
1234,1,0,0.5035132,0.49648684
1235,1,0,0.6396179,0.36038217
1236,1,0,0.61060905,0.389391
1237,1,0,0.53528494,0.46471512
1238,1,0,0.5195329,0.48046714
1239,1,0,0.5040549,0.49594516
1240,1,0,0.531922,0.46807802
1241,1,0,0.54388845,0.4561116
1242,1,0,0.63428116,0.36571884
1243,1,1,0.49257994,0.50742006
1244,1,1,0.4846308,0.5153692
1245,1,0,0.6262443,0.3737557
1246,1,0,0.50009316,0.49990687
1247,1,0,0.60150474,0.39849532
1248,1,0,0.5392139,0.4607862
1249,1,0,0.6341852,0.36581486
1250,1,0,0.50021213,0.4997879
1251,1,0,0.65812504,0.34187502
1252,1,0,0.6636457,0.33635426
1253,1,0,0.56663114,0.4333689
1254,1,0,0.590984,0.40901607
1255,1,1,0.49508464,0.50491536
1256,1,0,0.6162321,0.38376796
1257,1,0,0.6311646,0.36883545
1258,1,0,0.62205553,0.37794447
1259,1,0,0.6626971,0.33730292
1260,1,1,0.4799736,0.52002645
1261,1,0,0.5102899,0.48971003
1262,1,0,0.6646673,0.3353327
1263,1,0,0.65813386,0.34186614
1264,1,0,0.5721181,0.4278819
1265,1,0,0.62600917,0.37399086
1266,1,0,0.5019802,0.49801993
1267,1,0,0.51125324,0.48874676
1268,1,0,0.50181264,0.4981874
1269,1,1,0.48993036,0.51006967
1270,1,1,0.49992678,0.50007325
1271,1,1,0.49988925,0.50011075
1272,1,1,0.49991807,0.5000819
1273,1,0,0.50045,0.49954998
1274,1,0,0.50082856,0.49917147
1275,1,0,0.5486753,0.45132476
1276,1,0,0.50002307,0.49997693
1277,1,0,0.5009601,0.4990399
1278,1,1,0.4999854,0.50001466
1279,1,0,0.5006304,0.49936968
1280,1,1,0.49762258,0.50237745
1281,1,0,0.5677421,0.4322579
1282,1,0,0.6564543,0.34354573
1283,1,0,0.5357942,0.46420583
1284,1,0,0.5014667,0.49853334
1285,1,0,0.53304976,0.4669503
1286,1,0,0.61453027,0.38546976
1287,1,0,0.6459354,0.35406464
1288,1,0,0.5127418,0.48725817
1289,1,0,0.5064433,0.4935567
1290,1,0,0.536455,0.46354508
1291,1,0,0.50062,0.49938005
1292,1,0,0.5001334,0.49986658
1293,1,0,0.50162643,0.4983736
1294,1,0,0.50153613,0.49846387
1295,1,0,0.52558196,0.4744181
1296,1,0,0.5119152,0.4880848
1297,1,0,0.505932,0.4940681
1298,1,0,0.50008017,0.4999199
1299,1,0,0.6054323,0.39456773
1300,1,0,0.5069202,0.49307978
1301,1,1,0.47834834,0.5216517
1302,1,1,0.49983287,0.50016713
1303,1,0,0.51344496,0.48655507
1304,1,1,0.42575523,0.5742448
1305,1,0,0.7753336,0.22466645
1306,1,1,0.49162787,0.5083722
1307,1,0,0.6767425,0.32325754
1308,1,0,0.63152325,0.36847684
1309,1,0,0.8099775,0.1900225
1310,1,0,0.6301519,0.3698481
1311,1,1,0.3559775,0.64402246
1312,1,0,0.6372494,0.36275062
1313,1,0,0.66522986,0.33477017
1314,1,1,0.33111656,0.66888344
1315,1,0,0.614915,0.38508496
1316,1,0,0.6486587,0.35134125
1317,1,1,0.4670895,0.5329105
1318,1,0,0.52514756,0.4748525
1319,1,0,0.68754166,0.3124584
1320,1,0,0.6645506,0.33544943
1321,1,0,0.748731,0.25126904
1322,1,1,0.46303806,0.5369619
1323,1,0,0.59126574,0.4087343
1324,1,1,0.49716163,0.5028384
1325,1,0,0.71098614,0.28901383
1326,1,0,0.5037917,0.49620837
1327,1,0,0.65904975,0.3409503
1328,1,0,0.6478833,0.35211676
1329,1,0,0.5416975,0.4583025
1330,1,0,0.7108146,0.28918546
1331,1,1,0.3630479,0.63695216
1332,1,0,0.5929886,0.40701145
1333,1,0,0.66391367,0.33608636
1334,1,1,0.4998703,0.5001297
1335,1,1,0.427667,0.57233304
1336,1,1,0.49158654,0.5084135
1337,1,0,0.5494314,0.45056865
1338,1,0,0.66045284,0.33954713
1339,1,0,0.57260096,0.42739913
1340,1,1,0.39126015,0.6087399
1341,1,0,0.8043446,0.19565544
1342,1,1,0.4376186,0.5623814
1343,1,0,0.5642058,0.43579417
1344,1,0,0.81491375,0.18508622
1345,1,0,0.6397774,0.36022258
1346,1,0,0.5009043,0.49909568
1347,1,0,0.7770724,0.22292757
1348,1,0,0.6851584,0.3148417
1349,1,0,0.69434667,0.3056534
1350,1,0,0.7948372,0.20516281
1351,1,0,0.8162738,0.18372622
1352,1,0,0.80524564,0.1947544
1353,1,0,0.5658208,0.43417925
1354,1,0,0.874302,0.12569806
1355,1,1,0.48615313,0.5138469
1356,1,0,0.67200106,0.32799894
1357,1,0,0.6683409,0.33165914
1358,1,0,0.8525195,0.1474805
1359,1,0,0.76798177,0.23201823
1360,1,0,0.5325074,0.46749264
1361,1,0,0.800343,0.19965708
1362,1,0,0.6502086,0.34979147
1363,1,0,0.5764496,0.42355046
1364,1,0,0.5695139,0.43048608
1365,1,1,0.49752384,0.5024762
1366,1,0,0.5103866,0.48961353
1367,1,0,0.61522764,0.3847724
1368,1,1,0.48636037,0.5136396
1369,1,0,0.5802244,0.41977566
1370,1,0,0.71379346,0.28620654
1371,1,0,0.80044997,0.19955012
1372,1,0,0.8852689,0.11473104
1373,1,0,0.7177713,0.2822287
1374,1,1,0.40719455,0.5928055
1375,1,0,0.7659533,0.23404667
1376,1,0,0.62434274,0.37565732
1377,1,0,0.67274797,0.32725206
1378,1,0,0.7373926,0.26260746
1379,1,0,0.576231,0.423769
1380,1,0,0.66554743,0.3344526
1381,1,0,0.9447663,0.05523373
1382,1,0,0.6658228,0.33417723
1383,1,0,0.5971693,0.40283078
1384,1,0,0.65558857,0.34441146
1385,1,1,0.4028346,0.59716547
1386,1,1,0.49307653,0.50692356
1387,1,1,0.41786253,0.58213747
1388,1,0,0.66280836,0.33719158
1389,0,0,0.7911851,0.20881489
1390,0,0,0.65403837,0.34596163
1391,0,0,0.73303217,0.26696783
1392,0,0,0.66070735,0.33929262
1393,0,0,0.6299502,0.37004983
1394,0,0,0.6587158,0.34128425
1395,0,0,0.5428511,0.45714897
1396,0,0,0.60627073,0.3937293
1397,0,0,0.60080475,0.39919525
1398,0,1,0.43009657,0.5699035
1399,0,0,0.6021142,0.39788577
1400,0,0,0.66646045,0.33353955
1401,0,0,0.64418566,0.35581443
1402,0,0,0.82967085,0.1703292
1403,0,0,0.7039408,0.29605922
1404,0,0,0.56954175,0.43045837
1405,0,0,0.742041,0.25795898
1406,0,0,0.5902394,0.40976065
1407,0,0,0.6514006,0.3485994
1408,0,0,0.62579,0.37421006
1409,0,1,0.49900788,0.5009922
1410,0,0,0.6675644,0.33243564
1411,0,1,0.4957572,0.50424284
1412,0,0,0.56333035,0.43666965
1413,0,1,0.43235648,0.5676435
1414,0,0,0.54506755,0.45493242
1415,0,0,0.5384965,0.4615035
1416,0,0,0.5838714,0.41612858
1417,0,1,0.34696636,0.6530337
1418,0,0,0.6143858,0.38561422
1419,0,0,0.6092507,0.3907493
1420,0,1,0.49988717,0.50011283
1421,0,0,0.6650364,0.33496368
1422,0,1,0.4379308,0.5620692
1423,0,0,0.51335853,0.4866415
1424,0,0,0.6585594,0.34144068
1425,0,0,0.70918584,0.2908142
1426,0,1,0.4726003,0.5273997
1427,0,0,0.6346053,0.36539477
1428,0,0,0.50014657,0.49985346
1429,0,0,0.7379427,0.26205733
1430,0,0,0.5026084,0.49739158
1431,0,1,0.46344167,0.5365584
1432,0,0,0.68398184,0.3160182
1433,0,1,0.48673734,0.5132627
1434,0,1,0.44313717,0.55686283
1435,0,0,0.66358227,0.33641768
1436,0,0,0.66971177,0.3302883
1437,0,0,0.65272003,0.34728
1438,0,0,0.54568815,0.45431185
1439,0,0,0.6887288,0.31127125
1440,0,0,0.66135126,0.33864877
1441,0,0,0.67430604,0.32569408
1442,0,0,0.52445126,0.4755487
1443,0,1,0.39918694,0.60081303
1444,0,0,0.52305996,0.47694004
1445,0,0,0.6565021,0.34349784
1446,0,0,0.65057325,0.34942684
1447,0,0,0.6665803,0.33341968
1448,0,1,0.43989605,0.560104
1449,0,1,0.4611673,0.5388327
1450,0,0,0.61381495,0.3861851
1451,0,1,0.4839233,0.51607674
1452,0,0,0.52860826,0.47139186
1453,0,0,0.6191347,0.3808653
1454,0,0,0.6050815,0.39491853
1455,0,0,0.6597978,0.3402022
1456,0,0,0.5299646,0.4700354
1457,0,0,0.5052692,0.49473083
1458,0,0,0.66518706,0.33481297
1459,0,0,0.50454015,0.49545985
1460,0,0,0.56786096,0.432139
1461,0,0,0.86540234,0.1345977
1462,0,0,0.56790674,0.43209326
1463,0,0,0.50772655,0.4922735
1464,0,1,0.49977773,0.5002223
1465,0,0,0.5545452,0.4454548
1466,0,1,0.4978714,0.5021286
1467,0,0,0.50180817,0.4981919
1468,0,0,0.5487685,0.45123145
1469,0,0,0.66526806,0.33473194
1470,0,0,0.5017053,0.4982947
1471,0,0,0.5932261,0.40677398
1472,0,0,0.5004868,0.49951324
1473,0,0,0.55440223,0.44559777
1474,0,0,0.6475769,0.35242307
1475,0,1,0.44436193,0.5556381
1476,0,0,0.50099957,0.49900052
1477,0,0,0.6412988,0.35870132
1478,0,1,0.43112427,0.5688758
1479,0,0,0.6142399,0.38576013
1480,0,0,0.772596,0.22740403
1481,0,0,0.6246611,0.37533888
1482,0,0,0.60757893,0.3924211
1483,0,0,0.5452445,0.45475554
1484,0,0,0.6824721,0.31752795
1485,0,0,0.5259387,0.4740613
1486,0,0,0.5217282,0.47827184
1487,0,0,0.6190505,0.38094956
1488,0,0,0.5013508,0.49864912
1489,0,0,0.50041574,0.4995843
1490,0,0,0.50080764,0.49919245
1491,0,1,0.4981491,0.5018509
1492,0,0,0.65194345,0.34805655
1493,0,0,0.50132036,0.4986796
1494,0,0,0.5064268,0.49357325
1495,0,1,0.47536895,0.5246311
1496,0,0,0.52051234,0.47948772
1497,0,1,0.49997506,0.500025
1498,0,0,0.6243204,0.3756797
1499,0,0,0.5840192,0.41598082
1500,0,0,0.59204686,0.40795314
1501,0,0,0.5151576,0.48484248
1502,0,0,0.66384697,0.3361531
1503,0,0,0.52172494,0.47827512
1504,0,0,0.5898878,0.4101122
1505,0,0,0.60314316,0.39685687
1506,0,0,0.66025513,0.33974493
1507,0,0,0.5225407,0.4774593
1508,0,0,0.59228206,0.4077179
1509,0,0,0.6385211,0.361479
1510,0,0,0.6125742,0.38742578
1511,0,0,0.6651664,0.33483362
1512,0,0,0.5746585,0.4253415
1513,0,0,0.52575934,0.47424072
1514,0,0,0.6449169,0.3550831
1515,0,0,0.50345755,0.49654245
1516,0,0,0.6129316,0.38706848
1517,0,0,0.54710704,0.452893
1518,0,0,0.56362766,0.43637237
1519,0,0,0.7691418,0.23085825
1520,0,0,0.55936396,0.4406361
1521,0,0,0.6660973,0.3339028
1522,0,0,0.6589143,0.34108573
1523,0,0,0.61391014,0.3860899
1524,0,0,0.57074803,0.429252
1525,0,0,0.6456897,0.35431024
1526,0,0,0.5351577,0.46484232
1527,0,0,0.66543,0.33457
1528,0,0,0.544635,0.45536503
1529,0,0,0.57455933,0.42544064
1530,0,0,0.6652737,0.33472633
1531,0,0,0.6575829,0.34241712
1532,0,0,0.50243884,0.49756116
1533,0,0,0.6568253,0.34317467
1534,0,0,0.6584458,0.34155425
1535,0,0,0.6451036,0.3548965
1536,0,0,0.5045513,0.49544868
1537,0,1,0.4947886,0.5052115
1538,0,1,0.38260567,0.6173943
1539,0,0,0.6329857,0.36701435
1540,0,1,0.49398002,0.50601995
1541,0,0,0.8272421,0.1727579
1542,0,0,0.5000279,0.49997208
1543,1,0,0.5274956,0.47250435
1544,1,0,0.6604426,0.3395574
1545,1,1,0.44250852,0.55749154
1546,1,0,0.58273375,0.4172663
1547,1,0,0.63198555,0.36801445
1548,1,0,0.65694946,0.3430506
1549,1,1,0.45739472,0.5426053
1550,1,0,0.6573373,0.34266275
1551,1,0,0.51119053,0.48880947
1552,1,0,0.568549,0.43145108
1553,1,0,0.5090442,0.49095583
1554,1,1,0.3413063,0.6586938
1555,1,0,0.6685202,0.33147982
1556,1,0,0.6429807,0.35701928
1557,1,0,0.512015,0.48798507
1558,1,0,0.6569463,0.3430538
1559,1,0,0.5032453,0.49675474
1560,1,0,0.518521,0.4814791
1561,1,0,0.563395,0.43660498
1562,1,0,0.5007752,0.49922478
1563,1,0,0.5203497,0.47965035
1564,1,0,0.53522,0.46477997
1565,1,0,0.5011672,0.4988328
1566,1,0,0.768147,0.23185304
1567,1,0,0.67857087,0.32142913
1568,1,0,0.6860409,0.31395918
1569,1,1,0.40037927,0.5996208
1570,1,0,0.51412505,0.485875
1571,1,0,0.6551753,0.34482476
1572,1,0,0.5081457,0.49185428
1573,1,0,0.6610316,0.33896846
1574,1,0,0.6540571,0.34594294
1575,1,0,0.5024667,0.49753338
1576,1,0,0.52242565,0.47757435
1577,1,0,0.5270631,0.47293693
1578,1,0,0.51671267,0.48328742
1579,1,1,0.4962685,0.5037315
1580,1,0,0.7815498,0.21845019
1581,1,0,0.66435254,0.33564752
1582,1,0,0.5657152,0.4342848
1583,1,0,0.7418895,0.25811058
1584,1,0,0.82011807,0.17988202
1585,1,0,0.639797,0.36020303
1586,1,0,0.5633759,0.43662414
1587,1,0,0.63426024,0.36573982
1588,1,0,0.5784341,0.42156595
1589,1,0,0.5375396,0.46246046
1590,1,0,0.5642507,0.43574935
1591,1,0,0.6482344,0.3517656
1592,1,0,0.66272044,0.33727956
1593,1,0,0.6273382,0.37266192
1594,1,0,0.64904207,0.35095796
1595,1,0,0.6643863,0.3356138
1596,1,0,0.6605382,0.3394619
1597,1,0,0.6604457,0.33955428
1598,1,0,0.5000547,0.49994525
1599,1,0,0.62424046,0.37575954
1600,1,0,0.6868781,0.31312194
1601,1,0,0.7657211,0.23427889
1602,1,0,0.6261077,0.37389228
1603,1,0,0.7575326,0.24246745
1604,1,0,0.64528096,0.3547191
1605,1,0,0.66554743,0.33445263
1606,1,0,0.6664088,0.3335912
1607,1,0,0.6910097,0.30899024
1608,1,0,0.56654966,0.43345034
1609,1,0,0.55956686,0.4404332
1610,1,0,0.64751905,0.35248098
1611,1,0,0.6617334,0.33826658
1612,1,0,0.6645563,0.33544362
1613,1,0,0.67957115,0.32042882
1614,1,0,0.6472458,0.3527542
1615,1,0,0.5325472,0.46745288
1616,1,0,0.5955145,0.40448555
1617,1,0,0.5025376,0.49746245
1618,1,0,0.66287124,0.33712876
1619,1,0,0.5881214,0.41187865
1620,1,0,0.69202703,0.307973
1621,1,0,0.64925134,0.35074866
1622,1,0,0.6615632,0.33843678
1623,1,0,0.5121895,0.48781055
1624,1,0,0.5536772,0.44632286
1625,1,0,0.5210204,0.4789796
1626,1,0,0.6282662,0.37173384
1627,1,0,0.6392626,0.3607374
1628,1,0,0.5671169,0.43288308
1629,1,0,0.6663251,0.33367497
1630,1,0,0.69601697,0.3039831
1631,1,0,0.58089656,0.41910344
1632,1,0,0.57500184,0.42499822
1633,1,0,0.6481348,0.35186523
1634,1,0,0.6270278,0.37297225
1635,1,0,0.6551483,0.34485167
1636,1,0,0.6664344,0.33356565
1637,1,0,0.6627986,0.33720145
1638,1,0,0.629444,0.370556
1639,1,0,0.6961207,0.30387932
1640,0,0,0.5403031,0.4596969
1641,0,0,0.6552687,0.34473133
1642,0,0,0.6681315,0.3318686
1643,0,1,0.43392164,0.5660784
1644,0,0,0.7153577,0.2846423
1645,0,0,0.6427393,0.3572607
1646,0,0,0.66776174,0.33223832
1647,0,0,0.6572611,0.34273896
1648,0,0,0.7046794,0.29532057
1649,0,0,0.5605282,0.4394718
1650,0,0,0.50122356,0.4987764
1651,0,0,0.5538956,0.44610453
1652,0,0,0.8426262,0.15737386
1653,0,0,0.67624235,0.3237577
1654,0,0,0.6528591,0.34714097
1655,0,0,0.8036417,0.19635841
1656,0,0,0.6665444,0.33345565
1657,0,0,0.66170025,0.3382998
1658,0,0,0.8166718,0.18332824
1659,0,0,0.70626044,0.29373956
1660,0,0,0.6521591,0.34784096
1661,0,0,0.64308304,0.356917
1662,0,0,0.6665773,0.33342275
1663,0,0,0.65542215,0.34457788
1664,0,1,0.49834973,0.50165033
1665,0,0,0.6919801,0.30801994
1666,0,0,0.92354715,0.07645293
1667,0,0,0.5201117,0.47988832
1668,0,0,0.6631857,0.33681428
1669,0,0,0.6141678,0.3858322
1670,0,0,0.58566403,0.41433597
1671,0,0,0.6062501,0.39374983
1672,0,0,0.52668893,0.47331107
1673,0,0,0.8831417,0.116858326
1674,0,0,0.52834666,0.4716534
1675,0,0,0.79153293,0.20846707
1676,0,0,0.6426029,0.35739705
1677,0,0,0.6244414,0.37555867
1678,0,0,0.76584935,0.2341507
1679,0,0,0.7831259,0.21687415
1680,0,1,0.47345507,0.5265449
1681,0,0,0.5607037,0.43929633
1682,0,0,0.62605023,0.37394983
1683,0,0,0.6574896,0.34251046
1684,0,0,0.5762386,0.42376143
1685,0,0,0.7132289,0.28677118
1686,0,0,0.81605554,0.18394451
1687,0,0,0.638603,0.3613971
1688,0,0,0.6614886,0.3385114
1689,0,0,0.5756589,0.42434105
1690,0,0,0.6890704,0.3109297
1691,0,1,0.46140164,0.5385984
1692,0,0,0.7989096,0.20109043
1693,0,0,0.7184829,0.28151715
1694,0,0,0.73669636,0.26330364
1695,0,0,0.56615627,0.4338438
1696,0,0,0.8193678,0.18063222
1697,0,0,0.5871446,0.41285545
1698,0,0,0.517578,0.48242205
1699,0,0,0.614686,0.385314
1700,0,0,0.83536935,0.16463071
1701,0,0,0.503541,0.49645907
1702,0,0,0.64156747,0.3584326
1703,0,0,0.79450196,0.20549801
1704,0,0,0.666203,0.33379695
1705,0,0,0.6230415,0.37695858
1706,0,0,0.5244993,0.4755007
1707,0,0,0.6534164,0.34658366
1708,0,0,0.6258174,0.37418255
1709,0,0,0.6649818,0.33501828
1710,0,0,0.81853837,0.18146168
1711,0,0,0.68045366,0.31954634
1712,0,0,0.7293128,0.27068737
1713,0,0,0.5010866,0.49891347
1714,0,0,0.69474816,0.30525184
1715,0,0,0.65753627,0.34246373
1716,0,0,0.62311983,0.37688023
1717,0,0,0.76823044,0.23176955
1718,0,1,0.48975497,0.5102451
1719,0,0,0.6737883,0.3262117
1720,0,0,0.65795654,0.3420435
1721,0,0,0.54285693,0.45714307
1722,0,0,0.60516596,0.39483404
1723,0,0,0.5583756,0.44162446
1724,0,0,0.5656067,0.43439326
1725,0,0,0.6637436,0.33625647
1726,0,0,0.52516013,0.4748399
1727,0,0,0.95428795,0.045712095
1728,0,0,0.6664343,0.33356568
1729,0,0,0.68279403,0.317206
1730,0,0,0.73590505,0.264095
1731,0,0,0.75281256,0.24718744
1732,0,0,0.62689626,0.3731038
1733,0,0,0.6131099,0.3868901
1734,0,0,0.829193,0.1708071
1735,0,1,0.34344706,0.6565529
1736,0,0,0.8406998,0.15930027
1737,0,0,0.7701119,0.22988813
1738,0,0,0.62327,0.37673008
1739,0,0,0.78513473,0.2148653
1740,0,0,0.6708781,0.32912195
1741,0,0,0.55023277,0.44976732
1742,0,0,0.8256346,0.17436543
1743,0,0,0.6593771,0.340623
1744,0,0,0.6121213,0.38787875
1745,0,0,0.8810093,0.118990734
1746,0,0,0.9685594,0.0314407
1747,0,0,0.78624004,0.21375996
1748,0,0,0.7127669,0.2872331
1749,0,0,0.73531,0.26468998
1750,0,0,0.6352825,0.36471754
1751,0,0,0.623116,0.37688398
1752,0,0,0.6671041,0.33289593
1753,0,0,0.66931176,0.33068827
1754,0,0,0.7004298,0.2995702
1755,0,0,0.67022574,0.32977432
1756,0,0,0.6360196,0.36398047
1757,0,0,0.8152479,0.18475217
1758,0,0,0.6630137,0.3369863
1759,0,0,0.7015549,0.29844517
1760,0,0,0.6660509,0.33394915
1761,0,0,0.6919427,0.3080573
1762,0,1,0.46482438,0.5351757
1763,0,0,0.5524693,0.4475307
1764,0,0,0.71503633,0.28496367
1765,0,0,0.5018449,0.49815512
1766,0,0,0.6446558,0.35534424
1767,0,0,0.5528377,0.44716233
1768,0,0,0.74459976,0.25540018
1769,0,0,0.659558,0.34044206
1770,0,0,0.62856835,0.3714317
1771,0,0,0.70388186,0.2961182
1772,0,0,0.646269,0.353731
1773,0,0,0.83504194,0.16495807
1774,0,0,0.5451202,0.45487985
1775,0,0,0.5132181,0.486782
1776,0,0,0.5463481,0.45365196
1777,0,0,0.51069546,0.4893046
1778,0,0,0.6668806,0.33311942
1779,0,0,0.53107077,0.46892923
1780,0,0,0.5980187,0.40198135
1781,0,0,0.53578085,0.46421918
1782,0,0,0.64987886,0.35012123
1783,0,0,0.6722905,0.32770956
1784,0,0,0.616941,0.38305902
1785,0,0,0.6326966,0.3673033
1786,0,0,0.55684334,0.4431567
1787,0,0,0.53898805,0.46101198
1788,0,0,0.63292134,0.36707875
1789,0,0,0.51167965,0.4883204
1790,0,0,0.5002699,0.4997301
1791,0,1,0.4885733,0.51142675
1792,0,1,0.4386437,0.5613563
1793,0,1,0.4990687,0.5009314
1794,0,0,0.6290841,0.37091595
1795,0,0,0.60811675,0.39188322
1796,0,0,0.5815954,0.41840464
1797,0,0,0.5254035,0.47459647
1798,0,0,0.5001098,0.49989018
1799,0,0,0.78757256,0.21242753
1800,0,0,0.662096,0.33790398
1801,0,0,0.55549943,0.44450054
1802,0,0,0.5423734,0.45762664
1803,0,0,0.7539247,0.24607533
1804,0,0,0.7886023,0.21139775
1805,0,0,0.53067034,0.46932968
1806,0,0,0.7939643,0.2060357
1807,0,0,0.6742127,0.32578725
1808,0,0,0.7659688,0.23403126
1809,0,0,0.63169885,0.3683012
1810,0,0,0.7209991,0.2790009
1811,0,0,0.51422423,0.48577577
1812,0,0,0.55602413,0.4439759
1813,0,1,0.48405045,0.5159496
1814,0,0,0.67127895,0.32872114
1815,0,0,0.595031,0.40496898
1816,0,0,0.5066151,0.49338493
1817,0,1,0.36398074,0.6360193
1818,0,0,0.82371616,0.17628382
1819,0,0,0.6447,0.3553
1820,0,0,0.6830299,0.31697014
1821,0,0,0.6632005,0.33679956
1822,0,0,0.6730606,0.3269394
1823,0,0,0.66350424,0.33649585
1824,0,0,0.50619936,0.4938007
1825,0,0,0.6609113,0.33908877
1826,0,0,0.6303574,0.36964267
1827,0,0,0.6662742,0.3337259
1828,0,0,0.66119576,0.33880422
1829,0,0,0.699547,0.30045304
1830,0,0,0.5349081,0.4650919
1831,0,0,0.62360805,0.37639198
1832,0,0,0.6662482,0.33375186
1833,0,0,0.6333101,0.36668992
1834,0,0,0.75425667,0.24574338
1835,0,0,0.657261,0.342739
1836,0,0,0.6529885,0.34701154
1837,0,0,0.6664213,0.33357877
1838,0,0,0.6879673,0.31203267
1839,0,0,0.72417784,0.27582216
1840,0,0,0.6355009,0.3644991
1841,0,0,0.5094919,0.49050814
1842,0,0,0.64647657,0.3535235
1843,0,1,0.49170908,0.50829095
1844,0,0,0.66418093,0.3358191
1845,0,0,0.606722,0.39327797
1846,0,0,0.6665318,0.3334683
1847,0,0,0.6646503,0.33534977
1848,0,0,0.5023896,0.49761042
1849,0,0,0.6658982,0.33410177
1850,0,0,0.6598482,0.3401518
1851,0,0,0.6393759,0.36062407
1852,0,0,0.6636721,0.33632797
1853,0,0,0.66561174,0.33438832
1854,0,0,0.5550746,0.44492543
1855,0,0,0.66628724,0.33371276
1856,0,0,0.79799795,0.20200203
1857,0,0,0.58440536,0.41559467
1858,0,0,0.7525401,0.24745993
1859,0,0,0.588473,0.411527
1860,0,0,0.7398584,0.26014167
